{
  "profile": {
    "0xABC0005": {
      "in": 23273.64,
      "out": 31052.850000000002,
      "total": 14
    },
    "0xABC0010": {
      "in": 16817.350000000002,
      "out": 24415.27,
      "total": 11
    },
    "0xABC0006": {
      "in": 18173.420000000002,
      "out": 16454.41,
      "total": 8
    },
    "0xABC0009": {
      "in": 30057.42,
      "out": 7403.14,
      "total": 8
    },
    "0xABC0002": {
      "in": 20574.63,
      "out": 38672.29,
      "total": 12
    },
    "0xABC0004": {
      "in": 17105.079999999998,
      "out": 22226.230000000003,
      "total": 10
    },
    "0xABC0007": {
      "in": 23792.6,
      "out": 14666.77,
      "total": 11
    },
    "0xABC0003": {
      "in": 24620.000000000004,
      "out": 21128.57,
      "total": 13
    },
    "0xABC0008": {
      "in": 13699.029999999999,
      "out": 8074.469999999999,
      "total": 6
    },
    "0xABC0001": {
      "in": 21977.739999999998,
      "out": 25996.910000000003,
      "total": 7
    }
  },
  "anomalies": []
}